{
  "M1": [
    [
      0.7238917894754542,
      0.23752256244852013,
      -0.16360402061669702
    ],
    [
      -0.32473817466217925,
      1.2376071292045372,
      -0.02422967958773127
    ],
    [
      0.10107326870619343,
      0.3405173988415208,
      0.8493976291873828
    ]
  ],
  "gamma": [
    0.39525180244282465,
    0.42067995807332387,
    0.43417800049651056
  ],
  "M2": [
    [
      -0.42492816623130153,
      0.4889000743554967,
      0.6840808241863691
    ],
    [
      1.9312271473753366,
      -2.7278786170850453,
      0.7645190690749412
    ],
    [
      0.008970350636588742,
      1.6421337256021913,
      -1.249548525006685
    ]
  ],
  "hk_weight": 0.37004302009050616,
  "hk_power": 0.8520952351910882,
  "hk_hue_mod": -0.4865558873354588,
  "L_corr_p1": 0.2253019727873448,
  "L_corr_p2": -0.7480121058134176,
  "L_corr_p3": 0.6985933914884327,
  "cs_cos1": -0.4275593121558627,
  "cs_sin1": 0.36664510217680585,
  "cs_cos2": -0.2312342649927553,
  "cs_sin2": 0.6498937407579759,
  "cs_cos3": -0.49286251855665986,
  "cs_sin3": 0.36658585692839496,
  "lc1": -0.4521394196507313,
  "lc2": -0.7848132530990124,
  "hk_sin1": 0.31364570083289994,
  "hk_cos2": 0.5760014938842704,
  "hk_sin2": 1.2626877854500351,
  "hue_cos1": 0.24505076514145424,
  "hue_sin1": -0.4572992025211865,
  "hue_cos2": 0.0375385646093088,
  "hue_sin2": 0.05650743770389058,
  "hue_cos3": 0.1345237433852319,
  "hue_sin3": -0.07739190160409147,
  "hlc_cos1": 0.11547748818023504,
  "hlc_sin1": 0.580917404434917,
  "hlc_cos2": 0.30465491773780823,
  "hlc_sin2": -0.24999567159578498,
  "hl_cos1": 0.09657834941119503,
  "hl_sin1": 0.08797063189276305,
  "hl_cos2": -0.03180725965880391,
  "hl_sin2": -0.032372869430823285,
  "cp_cos1": -0.45678466468074186,
  "cp_sin1": -0.421994277200332,
  "cp_cos2": -0.04988094642601651,
  "cp_sin2": 0.32538488829442935,
  "lp_dark": 0.5456470736173372,
  "lp_dark_hcos": 0.0017309583017005158,
  "lp_dark_hsin": 0.0013798224282452693,
  "dist_power": 0.8288051245787494,
  "dist_wC": 1.0275917483222525,
  "hue_cos4": -0.0787811712015167,
  "hue_sin4": -0.02855185694706977,
  "Lh_cos1": -0.10005107352874609,
  "Lh_sin1": -0.05124697390368389,
  "cs_cos4": 0.12049077067218408,
  "cs_sin4": 0.25743549207449284,
  "dist_nl": 0.0,
  "dist_sat": 0.0,
  "dist_compress": 1.5882285834213918,
  "dist_linear": 0.0,
  "dist_post_power": 1.1,
  "dist_sl": 9.163435362289365e-05,
  "dist_sc": 0.004482728547635207,
  "dist_sl_hcos1": 0.0,
  "dist_sl_hsin1": 0.0,
  "dist_sl_hcos2": 0.0,
  "dist_sl_hsin2": 0.0,
  "dist_sc_hcos1": 0.0,
  "dist_sc_hsin1": 0.0,
  "dist_sc_hcos2": 0.0,
  "dist_sc_hsin2": 0.0,
  "hk_weight_S": 0.0,
  "hk_power_S": 0.0,
  "hk_hue_S": 0.0,
  "lp_dark_S": 0.0,
  "lp_dark_S2": 0.0,
  "cs_S_lin": 0.0,
  "cs_S_quad": 0.0,
  "lc_S_lin": 0.0,
  "lc_S_quad": 0.0,
  "hl_S_lin": 0.0,
  "L_S_offset": 0.0
}