{
  "M1": [
    [0.7583243160447798, 0.38377540398311993, -0.09607398603310499],
    [0.12671636243626094, 0.8421789393331481, 0.03434889386155031],
    [0.07641790227005364, 0.25903052200023363, 0.6141202194225033]
  ],
  "gamma": [0.3333333333333333, 0.3333333333333333, 0.3333333333333333],
  "M2": [
    [0.09340675018178585, 0.9431249028043406, -0.10786998254946822],
    [2.193136162645944, -2.2668262484061774, 0.07374624241234994],
    [0.042397034475253816, 0.7603347230325462, -0.8026457678265072]
  ],
  "hue_cos1": 0.0, "hue_sin1": 0.0,
  "hue_cos2": 0.0, "hue_sin2": 0.0,
  "hue_cos3": 0.0, "hue_sin3": 0.0,
  "hue_cos4": 0.0, "hue_sin4": 0.0,
  "L_corr_p1": 0.0, "L_corr_p2": 0.0, "L_corr_p3": 0.0,
  "lp_dark": 0.0, "lp_dark_hcos": 0.0, "lp_dark_hsin": 0.0,
  "lc1": 0.0, "lc2": 0.0
}
