{
  "M1": [
    [0.4407412072890238, 0.40911369156796634, 0.18687249931895067],
    [0.12308224353121994, 0.557136239636739, 0.19274910862205916],
    [-0.23021079382916068, 0.9278243045135821, 0.4854100909928004]
  ],
  "gamma": [0.3333333333333333, 0.3333333333333333, 0.3333333333333333],
  "M2": [
    [0.2778609560084774, 0.21180362605092856, 0.6372017137356791],
    [1.7548720474157444, -0.9793270531556616, -0.7760752041286899],
    [-2.418690735750103, 3.982044105359993, -1.2833774660668076]
  ],
  "hue_cos1": 0.0, "hue_sin1": 0.0,
  "hue_cos2": 0.0, "hue_sin2": 0.0,
  "hue_cos3": 0.0, "hue_sin3": 0.0,
  "hue_cos4": 0.0, "hue_sin4": 0.0,
  "L_corr_p1": 0.0, "L_corr_p2": 0.0, "L_corr_p3": 0.0,
  "lp_dark": 0.0, "lp_dark_hcos": 0.0, "lp_dark_hsin": 0.0,
  "lc1": 0.0, "lc2": 0.0
}
