{
  "M1": [
    [
      0.7342943222452644,
      0.24049249952372878,
      -0.15763751765949208
    ],
    [
      -0.3298489081190054,
      1.2349200319947062,
      -0.00011401053364536622
    ],
    [
      0.08633204542081865,
      0.3414453053380001,
      0.8320187908189167
    ]
  ],
  "gamma": [
    0.38922300523380954,
    0.4163225224600994,
    0.424136411390728
  ],
  "M2": [
    [
      -0.4201444325131867,
      0.4846067800936122,
      0.641671081311568
    ],
    [
      1.9328411649568151,
      -2.7178725296509234,
      0.7639609115884012
    ],
    [
      0.0056138814291964425,
      1.6281620091666282,
      -1.2607966751966067
    ]
  ],
  "hk_weight": 0.3887364763408459,
  "hk_power": 0.8487498478929875,
  "hk_hue_mod": -0.49403221483739856,
  "L_corr_p1": 0.22209286485816096,
  "L_corr_p2": -0.726689699330081,
  "L_corr_p3": 0.6948410518667059,
  "cs_cos1": -0.4120602979458365,
  "cs_sin1": 0.3800513618890033,
  "cs_cos2": -0.2528251369568942,
  "cs_sin2": 0.657402155150853,
  "cs_cos3": -0.44403582186509966,
  "cs_sin3": 0.38312823859541884,
  "lc1": -0.46309182275553784,
  "lc2": -0.7907362486190921,
  "hk_sin1": 0.3427500673096532,
  "hk_cos2": 0.5057917724092752,
  "hk_sin2": 1.2531214183133925,
  "hue_cos1": 0.23826555017017817,
  "hue_sin1": -0.47457402184732383,
  "hue_cos2": 0.015763095458215106,
  "hue_sin2": 0.08210977205919093,
  "hue_cos3": 0.12885828370119579,
  "hue_sin3": -0.08835184701121743,
  "hlc_cos1": 0.10838825831361108,
  "hlc_sin1": 0.5912853085941397,
  "hlc_cos2": 0.2890874556971346,
  "hlc_sin2": -0.26510357924924527,
  "hl_cos1": 0.07697580724849687,
  "hl_sin1": 0.12261651723570662,
  "hl_cos2": -0.041189966586526024,
  "hl_sin2": -0.012540514326587596,
  "cp_cos1": -0.45285545866406535,
  "cp_sin1": -0.402686329735538,
  "cp_cos2": -0.06806724448657032,
  "cp_sin2": 0.33642259938164853,
  "lp_dark": 0.5350532994803492,
  "lp_dark_hcos": 0.01510453094801519,
  "lp_dark_hsin": 0.012001697695947553,
  "dist_power": 0.804265429185275,
  "dist_wC": 1.0458243890301122,
  "hue_cos4": -0.07188519624223008,
  "hue_sin4": -0.013626221336494375,
  "Lh_cos1": -0.08921959945592077,
  "Lh_sin1": -0.03417192933375745,
  "cs_cos4": 0.10052079558164836,
  "cs_sin4": 0.23091452352663336,
  "dist_nl": 0.0,
  "dist_sat": 0.0,
  "dist_compress": 1.5903206798028005,
  "dist_linear": 0.0,
  "dist_post_power": 1.1,
  "dist_sl": 0.0010089809904916469,
  "dist_sc": 0.021678192255028452,
  "dist_sl_hcos1": 0.0,
  "dist_sl_hsin1": 0.0,
  "dist_sl_hcos2": 0.0,
  "dist_sl_hsin2": 0.0,
  "dist_sc_hcos1": 0.0,
  "dist_sc_hsin1": 0.0,
  "dist_sc_hcos2": 0.0,
  "dist_sc_hsin2": 0.0,
  "hk_weight_S": 0.0,
  "hk_power_S": 0.0,
  "hk_hue_S": 0.0,
  "lp_dark_S": 0.0,
  "lp_dark_S2": 0.0,
  "cs_S_lin": 0.0,
  "cs_S_quad": 0.0,
  "lc_S_lin": 0.0,
  "lc_S_quad": 0.0,
  "hl_S_lin": 0.0,
  "L_S_offset": 0.0
}