method,STRESS
ΔE CIEDE2000,29.1828915968
Analytical (Euclidean),30.1599896919
ΔE CIE94,33.5875955908
CAM16-UCS (Euclidean),33.8958513503
ΔE CMC,34.0373923993
IPT (Euclidean),41.2123766407
JzAzBz (Euclidean),41.8975421469
ΔE CIE76,42.8035705628
OKLCH (Euclidean),47.4591965918
sRGB (Euclidean),67.8189782363
